,time,amplitude
0,0.0,-0.0312759004327
1,0.02559485,-0.0130448095516
2,0.0511897,0.0568037699921
3,0.07678455,-0.0988645273679
4,0.1023794,0.138310298671
5,0.12797425,-0.174505493996
6,0.1535691,0.207114353078
7,0.17916395,-0.236075679443
8,0.2047588,0.26153713701
9,0.23035365,-0.283760103694
10,0.2559485,0.303010275398
11,0.28154335,-0.319456348117
12,0.3071382,0.33310267847
13,0.33273305,-0.343768610212
14,0.3583279,0.351126591704
15,0.38392275,-0.354793049546
16,0.4095176,0.354452300151
17,0.43511245,-0.349987829382
18,0.4607073,0.341581786183
19,0.48630215,-0.329751624224
20,0.511897,0.315313919959
21,0.53749185,-0.2992774795
22,0.5630867,0.282699056917
23,0.58868155,-0.266536417938
24,0.6142764,0.25152860174
25,0.63987125,-0.238129511086
26,0.6654661,0.226498215669
27,0.69106095,-0.21653843478
28,0.7166558,0.20797301326
29,0.74225065,-0.200428741681
30,0.7678455,0.193521828025
31,0.79344035,-0.186930589918
32,0.8190352,0.180440713368
33,0.84463005,-0.173959537045
34,0.8702249,0.167490472522
35,0.89581975,-0.161078037289
36,0.9214146,0.15474483976
37,0.94700945,-0.148435140765
38,0.9726043,0.141986721749
39,0.99819915,-0.135133388259
40,1.023794,0.12753188634
41,1.04938885,-0.118810098184
42,1.0749837,0.108623483757
43,1.10057855,-0.0967166232409
44,1.1261734,0.0829806659841
45,1.15176825,-0.0674872654784
46,1.1773631,0.0504913964093
47,1.20295795,-0.0323932308862
48,1.2285528,0.0136665922894
49,1.25414765,0.00522393129536
50,1.2797425,-0.0238996593808
51,1.30533735,0.042113758493
52,1.3309322,-0.0597575674644
53,1.35652705,0.0768393837006
54,1.3821219,-0.0934427207095
55,1.40771675,0.109686118129
56,1.4333116,-0.125695073229
57,1.45890645,0.141578178579
58,1.4845013,-0.157401218761
59,1.51009615,0.173149585914
60,1.535691,-0.188680633697
61,1.56128585,0.203689303066
62,1.5868807,-0.217699319598
63,1.61247555,0.230089443592
64,1.6380704,-0.240156179151
65,1.66366525,0.247193112595
66,1.6892601,-0.250568736478
67,1.71485495,0.249789040783
68,1.7404498,-0.244530513666
69,1.76604465,0.234647714636
70,1.7916395,-0.220165653905
71,1.81723435,0.201265622569
72,1.8428292,-0.178276881446
73,1.86842405,0.151671790173
74,1.8940189,-0.122052385901
75,1.91961375,0.0901253213116
76,1.9452086,-0.0566683080367
77,1.97080345,0.0224948850839
78,1.9963983,0.0115671477482
79,2.02199315,-0.044684595331
80,2.047588,0.0760273658399
81,2.07318285,-0.104786062012
82,2.0987777,0.130213079111
83,2.12437255,-0.151684838929
84,2.1499674,0.168758124036
85,2.17556225,-0.18120769097
86,2.2011571,0.189031912037
87,2.22675195,-0.19242287046
88,2.2523468,0.191724193412
89,2.27794165,-0.187380689974
90,2.3035365,0.179885349965
91,2.32913135,-0.169735689663
92,2.3547262,0.157391324497
93,2.38032105,-0.143245867228
94,2.4059159,0.12762712136
95,2.43151075,-0.110816606558
96,2.4571056,0.0930934106914
97,2.48270045,-0.0747815005055
98,2.5082953,0.0562679878815
99,2.53389015,-0.0379869859822
100,2.559485,0.020362404732
101,2.58507985,-0.00372598002988
102,2.6106747,-0.0117535947243
103,2.63626955,0.0261205602706
104,2.6618644,-0.0396408781606
105,2.68745925,0.052755600073
106,2.7130541,-0.0659913351939
107,2.73864895,0.0798291085202
108,2.7642438,-0.0945562449466
109,2.78983865,0.110150639575
110,2.8154335,-0.126227233421
111,2.84102835,0.142073881626
112,2.8666232,-0.156773858332
113,2.89221805,0.169364875742
114,2.9178129,-0.1789923478
115,2.94340775,0.185019341255
116,2.9690026,-0.18707217171
117,2.99459745,0.185047614965
118,3.0201923,-0.179101990721
119,3.04578715,0.169629983061
120,3.071382,-0.157235372106
121,3.09697685,0.142668826972
122,3.1225717,-0.126723296316
123,3.14816655,0.110112875878
124,3.1737614,-0.0933643537589
125,3.19935625,0.0767573397259
126,3.2249511,-0.0603249957862
127,3.25054595,0.0438913788429
128,3.2761408,-0.0271214559752
129,3.30173565,0.00956621410012
130,3.3273305,0.00930176418906
131,3.35292535,-0.0300434706999
132,3.3785202,0.053187584147
133,3.40411505,-0.0791451916221
134,3.4297099,0.108119295606
135,3.45530475,-0.140038213509
136,3.4808996,0.174533280502
137,3.50649445,-0.210970413684
138,3.5320893,0.248533510991
139,3.55768415,-0.286338346496
140,3.583279,0.32354920862
141,3.60887385,-0.359468762046
142,3.6344687,0.393573352673
143,3.66006355,-0.425489972531
144,3.6856584,0.454921289477
145,3.71125325,-0.481546921718
146,3.7368481,0.50494293162
147,3.76244295,-0.52455228776
148,3.7880378,0.539726506894
149,3.81363265,-0.549835643194
150,3.8392275,0.554417693745
151,3.86482235,-0.553332947649
152,3.8904172,0.546875037774
153,3.91601205,-0.53580051095
154,3.9416069,0.521263609898
155,3.96720175,-0.504664473148
156,3.9927966,0.487446133615
157,4.01839145,-0.470879638764
158,4.0439863,0.455878851765
159,4.06958115,-0.442889810395
160,4.095176,0.431875196105
161,4.12077085,-0.422397512426
162,4.1463657,0.41377969425
163,4.17196055,-0.405295526424
164,4.1975554,0.396349969963
165,4.22315025,-0.38661184188
166,4.2487451,0.376071481633
167,4.27433995,-0.365027224185
168,4.2999348,0.354006520046
169,4.32552965,-0.343638009117
170,4.3511245,0.334510469501
171,4.37671935,-0.327045420376
172,4.4023142,0.321412634149
173,4.42790905,-0.317511331312
174,4.4535039,0.315009217509
175,4.47909875,-0.313418184408
176,4.5046936,0.312185125955
177,4.53028845,-0.310769166858
178,4.5558833,0.308703126046
179,4.58147815,-0.30564964374
180,4.607073,0.301447473719
181,4.63266785,-0.29614071075
182,4.6582627,0.289976465322
183,4.68385755,-0.283351706105
184,4.7094524,0.276726432514
185,4.73504725,-0.270533907302
186,4.7606421,0.265120348961
187,4.78623695,-0.260740894402
188,4.8118318,0.257596205097
189,4.83742665,-0.255875729505
190,4.8630215,0.255784821575
191,4.88861635,-0.257536482213
192,4.9142112,0.261313554209
193,4.93980605,-0.267218264795
194,4.9654009,0.275214380845
195,4.99099575,-0.285079737818
196,5.0165906,0.296386620377
197,5.04218545,-0.308515820028
198,5.0677803,0.320714621073
199,5.09337515,-0.332187189011
200,5.11897,0.34218814864
201,5.14456485,-0.350107159037
202,5.1701597,0.355534270661
203,5.19575455,-0.358303150935
204,5.2213494,0.358518519543
205,5.24694425,-0.356555969453
206,5.2725391,0.353017550955
207,5.29813395,-0.34864526385
208,5.3237288,0.344198637481
209,5.34932365,-0.340326806781
210,5.3749185,0.337478759815
211,5.40051335,-0.335871171843
212,5.4261082,0.335517539442
213,5.45170305,-0.336303239419
214,5.4772979,0.33806494193
215,5.50289275,-0.340646194601
216,5.5284876,0.343910544703
217,5.55408245,-0.347708547746
218,5.5796773,0.351824111271
219,5.60527215,-0.355921159498
220,5.630867,0.359510273805
221,5.65646185,-0.361954577326
222,5.6820567,0.362515651283
223,5.70765155,-0.36044053328
224,5.7332464,0.355077747264
225,5.75884125,-0.345992740931
226,5.7844361,0.33305575828
227,5.81003095,-0.316474471075
228,5.8356258,0.296759752967
229,5.86122065,-0.274644100652
230,5.8868155,0.250983743332
231,5.91241035,-0.226679876134
232,5.9380052,0.202636081537
233,5.96360005,-0.179737221397
234,5.9891949,0.158825761301
235,6.01478975,-0.140650941889
236,6.0403846,0.125784609718
237,6.06597945,-0.114526545573
238,6.0915743,0.10683565472
239,6.11716915,-0.102323118599
240,6.142764,0.100324372895
241,6.16835885,-0.100029284523
242,6.1939537,0.100627579645
243,6.21954855,-0.101428765584
244,6.2451434,0.101927362663
245,6.27073825,-0.101810094602
246,6.2963331,0.100931341958
247,6.32192795,-0.0992794236227
248,6.3475228,0.0969554732968
249,6.37311765,-0.0941706126558
250,6.3987125,0.091242223317
251,6.42430735,-0.088574168874
252,6.4499022,0.0866127848241
253,6.47549705,-0.0857783529682
254,6.5010919,0.086394207386
255,6.52668675,-0.0886303680217
256,6.5522816,0.092479596804
257,6.57787645,-0.0977764304884
258,6.6034713,0.104247963698
259,6.62906615,-0.111581527703
260,6.654661,0.119484443593
261,6.68025585,-0.127711702769
262,6.7058507,0.136058810093
263,6.73144555,-0.144322501286
264,6.7570404,0.152249682444
265,6.78263525,-0.159502273567
266,6.8082301,0.165646498127
267,6.83382495,-0.170176579185
268,6.8594198,0.172570865749
269,6.88501465,-0.172358572078
270,6.9106095,0.169190838859
271,6.93620435,-0.162900548234
272,6.9617992,0.153534896245
273,6.98739405,-0.141360009914
274,7.0129889,0.126825333203
275,7.03858375,-0.110483796723
276,7.0641786,0.0928816700845
277,7.08977345,-0.0744334071266
278,7.1153683,0.0553236005125
279,7.14096315,-0.0354731455817
280,7.166558,0.014583431841
281,7.19215285,0.0077476190594
282,7.2177477,-0.0318798184138
283,7.24334255,0.0580087566588
284,7.2689374,-0.0860977731975
285,7.29453225,0.115873438865
286,7.3201271,-0.146858001
287,7.34572195,0.178403185547
288,7.3713168,-0.209717271064
289,7.39691165,0.239894720639
290,7.4225065,-0.267971144879
291,7.44810135,0.293022915851
292,7.4736962,-0.314295963889
293,7.49929105,0.331332148845
294,7.5248859,-0.344058440649
295,7.55048075,0.352802177256
296,7.5760756,-0.358226283885
297,7.60167045,0.361199739947
298,7.6272653,-0.36263513919
299,7.65286015,0.363339488037
300,7.678455,-0.363908934495
301,7.70404985,0.364675162809
302,7.7296447,-0.365700836421
303,7.75523955,0.366811089739
304,7.7808344,-0.367653954582
305,7.80642925,0.367783456639
306,7.8320241,-0.366753587396
307,7.85761895,0.364206704307
308,7.8832138,-0.359937908559
309,7.90880865,0.353918538001
310,7.9344035,-0.346276556588
311,7.95999835,0.337248347583
312,7.9855932,-0.327125103123
313,8.01118805,0.316210555146
314,8.0367829,-0.304796207892
315,8.06237775,0.293145571326
316,8.0879726,-0.281475523188
317,8.11356745,0.269930935235
318,8.1391623,-0.2585529699
319,8.16475715,0.247256912537
320,8.190352,-0.235841063134
321,8.21594685,0.224036509031
322,8.2415417,-0.211592428692
323,8.26713655,0.198373595412
324,8.2927314,-0.184432950166
325,8.31832625,0.17002864366
326,8.3439211,-0.155569965673
327,8.36951595,0.141504682651
328,8.3951108,-0.128188701243
329,8.42070565,0.115788751517
330,8.4463005,-0.104260886526
331,8.47189535,0.0934124058857
332,8.4974902,-0.0830194273548
333,8.52308505,0.0729508799721
334,8.5486799,-0.0632448583911
335,8.57427475,0.0541131666416
336,8.5998696,-0.0458765754828
337,8.62546445,0.0388536161173
338,8.6510593,-0.0332509057679
339,8.67665415,0.029090101368
340,8.702249,-0.0261948702894
341,8.72784385,0.024247706014
342,8.7534387,-0.0228942788027
343,8.77903355,0.0218588093222
344,8.8046284,-0.0210339796584
345,8.83022325,0.020504930479
346,8.8558181,-0.0204998372803
347,8.88141295,0.0212880748446
348,8.9070078,-0.023066197872
349,8.93260265,0.0258780818378
350,8.9581975,-0.0295932215857
351,8.98379235,0.0339371047121
352,9.0093872,-0.0385556343615
353,9.03498205,0.0430827652257
354,9.0605769,-0.0471837859524
355,9.08617175,0.0505651078962
356,9.1117666,-0.052956172168
357,9.13736145,0.0540812476291
358,9.1629563,-0.0536479926539
359,9.18855115,0.0513649772917
360,9.214146,-0.046989789959
361,9.23974085,0.0403994194661
362,9.2653357,-0.0316580905802
363,9.29093055,0.0210603375599
364,9.3165254,-0.0091363303978
365,9.34212025,-0.00338825678773
366,9.3677151,0.0156684810684
367,9.39330995,-0.026837061839
368,9.4189048,0.0361069209223
369,9.44449965,-0.0428618520288
370,9.4700945,0.0467195267266
371,9.49568935,-0.0475574802332
372,9.5212842,0.0454962142916
373,9.54687905,-0.0408390459567
374,9.5724739,0.0339821816462
375,9.59806875,-0.0253182906103
376,9.6236636,0.0151595393722
377,9.64925845,-0.00371153835646
378,9.6748533,-0.00889018158593
379,9.70044815,0.0224928177121
380,9.726043,-0.0368203987749
381,9.75163785,0.0513986050106
382,9.7772327,-0.0655529115669
383,9.80282755,0.0784902742109
384,9.8284224,-0.0894418149426
385,9.85401725,0.097809171174
386,9.8796121,-0.103258287896
387,9.90520695,0.105731168621
388,9.9308018,-0.105388199034
389,9.95639665,0.102529328435
390,9.9819915,-0.0975412131536
391,10.00758635,0.0908907987041
392,10.0331812,-0.0831485316852
393,10.05877605,0.0750002824591
394,10.0843709,-0.0672216032118
395,10.10996575,0.0606057827422
396,10.1355606,-0.0558545293924
397,10.16115545,0.0534661865582
398,10.1867503,-0.0536478869527
399,10.21234515,0.0562725074622
400,10.23794,-0.0608965983194
401,10.26353485,0.0668301741157
402,10.2891297,-0.0732418475317
403,10.31472455,0.0792794563705
404,10.3403194,-0.0841775546831
405,10.36591425,0.0873392705836
406,10.3915091,-0.0883821280394
407,10.41710395,0.0871395531141
408,10.4426988,-0.0836298008795
409,10.46829365,0.0780068867961
410,10.4938885,-0.070513220044
411,10.51948335,0.061451844857
412,10.5450782,-0.0511752627479
413,10.57067305,0.0400761262395
414,10.5962679,-0.0285602599323
415,10.62186275,0.0169880102507
416,10.6474576,-0.00559522069634
417,10.67305245,-0.00557901372624
418,10.6986473,0.0167251089146
419,10.72424215,-0.0282291119496
420,10.749837,0.0405710938758
421,10.77543185,-0.0541847160686
422,10.8010267,0.0693212341866
423,10.82662155,-0.0859600543595
424,10.8522164,0.103785408242
425,10.87781125,-0.122218564175
426,10.9034061,0.140487473621
427,10.92900095,-0.157716135829
428,10.9545958,0.17301766286
429,10.98019065,-0.185588559527
430,11.0057855,0.194795806354
431,11.03138035,-0.200239567827
432,11.0569752,0.20177971186
433,11.08257005,-0.199515081357
434,11.1081649,0.19372213589
435,11.13375975,-0.184781229265
436,11.1593546,0.173108806595
437,11.18494945,-0.159107685142
438,11.2105443,0.143137890417
439,11.23613915,-0.125501681199
440,11.261734,0.106450494021
441,11.28732885,-0.086223136473
442,11.3129237,0.0651088726344
443,11.33851855,-0.0435201110826
444,11.3641134,0.0220400615197
445,11.38970825,-0.00141432482186
446,11.4153031,-0.0175250996541
447,11.44089795,0.0339911517156
448,11.4664928,-0.0473867432286
449,11.49208765,0.0574119165703
450,11.5176825,-0.0641014467045
451,11.54327735,0.0677832032837
452,11.5688722,-0.0689876292281
453,11.59446705,0.0683436628031
454,11.6200619,-0.0664914821069
455,11.64565675,0.0640298106965
456,11.6712516,-0.0614877913943
457,11.69684645,0.059312665111
458,11.7224413,-0.0578707177981
459,11.74803615,0.0574511997934
460,11.773631,-0.0582839514046
461,11.79922585,0.0605678360624
462,11.8248207,-0.0644990019585
463,11.85041555,0.0702954561046
464,11.8760104,-0.0782028596654
465,11.90160525,0.0884772269531
466,11.9272001,-0.101352837729
467,11.95279495,0.116989915567
468,11.9783898,-0.135418537892
469,12.00398465,0.156500744331
470,12.0295795,-0.179923385644
471,12.05517435,0.205235475733
472,12.0807692,-0.231918911979
473,12.10636405,0.259458871305
474,12.1319589,-0.287393593163
475,12.15755375,0.315323289786
476,12.1831486,-0.342884269846
477,12.20874345,0.369716524012
478,12.2343383,-0.39543930382
479,12.25993315,0.419643702639
480,12.285528,-0.441907937561
481,12.31112285,0.461821936162
482,12.3367177,-0.479021473417
483,12.36231255,0.493232896191
484,12.3879074,-0.504316699425
485,12.41350225,0.512299926046
486,12.4390971,-0.517386876552
487,12.46469195,0.519938368504
488,12.4902868,-0.520427243629
489,12.51588165,0.519380851255
490,12.5414765,-0.517316632285
491,12.56707135,0.514684030495
492,12.5926662,-0.51182478697
493,12.61826105,0.508954621839
494,12.6438559,-0.506171064855
495,12.66945075,0.503483609536
496,12.6950456,-0.50084669343
497,12.72064045,0.498186632432
498,12.7462353,-0.495412685089
499,12.77183015,0.492409045943
500,12.797425,-0.489026229324
501,12.82301985,0.485081656346
502,12.8486147,-0.480376765513
503,12.87420955,0.474735368045
504,12.8998044,-0.468041452022
505,12.92539925,0.460257679554
506,12.9509941,-0.451416092221
507,12.97658895,0.441571110074
508,13.0021838,-0.430735025127
509,13.02777865,0.418814671025
510,13.0533735,-0.405568342118
511,13.07896835,0.390611467731
512,13.1045632,-0.373479756935
513,13.13015805,0.353736918049
514,13.1557529,-0.331105597221
515,13.18134775,0.305576380824
516,13.2069426,-0.27745852778
517,13.23253745,0.247359074472
518,13.2581323,-0.21609308784
519,13.28372715,0.184550904161
520,13.309322,-0.15356247308
521,13.33491685,0.123790965667
522,13.3605117,-0.0956810310182
523,13.38610655,0.0694785007925
524,13.4117014,-0.0453093868423
525,13.43729625,0.0232941397828
526,13.4628911,-0.0036630106508
527,13.48848595,-0.0131720228651
528,13.5140808,0.0266200435204
529,13.53967565,-0.0359924709365
530,13.5652705,0.0406480857478
531,13.59086535,-0.0401554826483
532,13.6164602,0.0344213613535
533,13.64205505,-0.0237502131679
534,13.6676499,0.00882225299798
535,13.69324475,0.00939496504232
536,13.7188396,-0.0297615437086
537,13.74443445,0.051077249366
538,13.7700293,-0.0721722397382
539,13.79562415,0.0919726001322
540,13.821219,-0.109551193641
541,13.84681385,0.124168877186
542,13.8724087,-0.13530323401
543,13.89800355,0.142665925523
544,13.9235984,-0.146203730829
545,13.94919325,0.146085637425
546,13.9747881,-0.14268290196
547,14.00038295,0.136540413709
548,14.0259778,-0.128341218072
549,14.05157265,0.118865143478
550,14.0771675,-0.108941799669
551,14.10276235,0.099407081064
552,14.1283572,-0.0910629001257
553,14.15395205,0.0846353967538
554,14.1795469,-0.0807281213721
555,14.20514175,0.0797649079584
556,14.2307366,-0.0819332266939
557,14.25633145,0.0871480999331
558,14.2819263,-0.0950535224536
559,14.30752115,0.105071663494
560,14.333116,-0.116486052949
561,14.35871085,0.128530590489
562,14.3843057,-0.14045739535
563,14.40990055,0.151563892738
564,14.4354954,-0.161183413283
565,14.46109025,0.168659667215
566,14.4866851,-0.173335399082
567,14.51227995,0.174582747541
568,14.5378748,-0.171879104371
569,14.56346965,0.164910662271
570,14.5890645,-0.153668603717
571,14.61465935,0.13849322012
572,14.6402542,-0.120044046733
573,14.66584905,0.0991982723408
574,14.6914439,-0.0769097307423
575,14.71703875,0.0540813551004
576,14.7426336,-0.0314865423866
577,14.76822845,0.00975253359255
578,14.7938233,0.010609268814
579,14.81941815,-0.0291612958994
580,14.845013,0.0455085180179
581,14.87060785,-0.0592918140049
582,14.8962027,0.0702082715026
583,14.92179755,-0.0780437267656
584,14.9473924,0.0827076318005
585,14.97298725,-0.0842581630118
586,14.9985821,0.0829058034224
587,15.02417695,-0.0789922073184
588,15.0497718,0.0729431182322
589,15.07536665,-0.0651995839712
590,15.1009615,0.0561457865379
591,15.12655635,-0.0460584654971
592,15.1521512,0.0350940309531
593,15.17774605,-0.0233185963428
594,15.2033409,0.0107659210929
595,15.22893575,0.00250568669488
596,15.2545306,-0.0163681984707
597,15.28012545,0.0305967525351
598,15.3057203,-0.0448615214426
599,15.33131515,0.0587262550706
600,15.35691,-0.0716596614483
601,15.38250485,0.0830670349708
602,15.4080997,-0.092340184401
603,15.43369455,0.0989326894137
604,15.4592894,-0.102439347557
605,15.48488425,0.10265206334
606,15.5104791,-0.0995788899508
607,15.53607395,0.093418544723
608,15.5616688,-0.0845088640164
609,15.58726365,0.0732768133385
610,15.6128585,-0.0602001562054
611,15.63845335,0.0457895027877
612,15.6640482,-0.030582604062
613,15.68964305,0.0151320855026
614,15.7152379,1.80561023311e-05
615,15.74083275,-0.0143672436594
616,15.7664276,0.0274946477121
617,15.79202245,-0.0390797313246
618,15.8176173,0.0489077544302
619,15.84321215,-0.0568673965972
620,15.868807,0.0629462227224
621,15.89440185,-0.0672381339351
622,15.9199967,0.0699640907354
623,15.94559155,-0.0714949208476
624,15.9711864,0.0723660953297
625,15.99678125,-0.0732617289305
626,16.0223761,0.0749549960499
627,16.04797095,-0.0782087668635
628,16.0735658,0.0836486767403
629,16.09916065,-0.091643696455
630,16.1247555,0.102236480552
631,16.15035035,-0.115147812598
632,16.1759452,0.129859820414
633,16.20154005,-0.145751526791
634,16.2271349,0.162240229181
635,16.25272975,-0.178887088333
636,16.2783246,0.195441298667
637,16.30391945,-0.211819847569
638,16.3295143,0.228045608097
639,16.35510915,-0.244172553174
640,16.380704,0.260216990882
641,16.40629885,-0.276109607555
642,16.4318937,0.291670039367
643,16.45748855,-0.306604971378
644,16.4830834,0.32053130543
645,16.50867825,-0.333011756082
646,16.5342731,0.343594209154
647,16.55986795,-0.351851700029
648,16.5854628,0.357419857832
649,16.61105765,-0.360040337681
650,16.6366525,0.359605917098
651,16.66224735,-0.356197322852
652,16.6878422,0.350103848048
653,16.71343705,-0.341814642159
654,16.7390319,0.331979071286
655,16.76462675,-0.321345830082
656,16.7902216,0.31069161196
657,16.81581645,-0.30075868446
658,16.8414113,0.292208132548
659,16.86700615,-0.285595353174
660,16.892601,0.281364685253
661,16.91819585,-0.27984993245
662,16.9437907,0.281272696636
663,16.96938555,-0.285732947096
664,16.9949804,0.293193637356
665,17.02057525,-0.303477356759
666,17.0461701,0.316279135406
667,17.07176495,-0.331196013135
668,17.0973598,0.347763936425
669,17.12295465,-0.365480324054
670,17.1485495,0.383801549511
671,17.17414435,-0.402123383339
672,17.1997392,0.419757883176
673,17.22533405,-0.435930399684
674,17.2509289,0.449805503952
675,17.27652375,-0.460532512469
676,17.3021186,0.467300608759
677,17.32771345,-0.469387851905
678,17.3533083,0.466197973688
679,17.37890315,-0.457293956321
680,17.404498,0.442431334315
681,17.43009285,-0.421598153172
682,17.4556877,0.39505943667
683,17.48128255,-0.363382945713
684,17.5068774,0.3274353778
685,17.53247225,-0.288332340691
686,17.5580671,0.247341256803
687,17.58366195,-0.205767919842
688,17.6092568,0.16484727919
689,17.63485165,-0.125658361068
690,17.6604465,0.0890776471245
691,17.68604135,-0.0557462497665
692,17.7116362,0.0260425857943
693,17.73723105,-5.91162501166e-05
694,17.7628259,-0.0224176297076
695,17.78842075,0.0418889023934
696,17.8140156,-0.0590709918838
697,17.83961045,0.0747760542912
698,17.8652053,-0.0897560975871
699,17.89080015,0.104557694945
700,17.916395,-0.11942253
701,17.94198985,0.134244422822
702,17.9675847,-0.148600461642
703,17.99317955,0.161835478534
704,18.0187744,-0.173171557364
705,18.04436925,0.181832315416
706,18.0699641,-0.187153250008
707,18.09555895,0.188671466137
708,18.1211538,-0.186195385327
709,18.14674865,0.17983533843
710,18.1723435,-0.169999997453
711,18.19793835,0.157355447681
712,18.2235332,-0.142738370372
713,18.24912805,0.127053807407
714,18.2747229,-0.111173955742
715,18.30031775,0.0958512563941
716,18.3259126,-0.0816684996884
717,18.35150745,0.0690106576882
718,18.3771023,-0.0580512262028
719,18.40269715,0.0487619650828
720,18.428292,-0.0409373147413
721,18.45388685,0.0342492140484
722,18.4794817,-0.0283328605492
723,18.50507655,0.0228729955418
724,18.5306714,-0.0176798529957
725,18.55626625,0.0127387068673
726,18.5818611,-0.00822578304825
727,18.60745595,0.00450720918055
728,18.6330508,-0.00211481897681
729,18.65864565,0.00169146498194
730,18.6842405,-0.00390846464462
731,18.70983535,0.00935260905135
732,18.7354302,-0.0184037013416
733,18.76102505,0.0311322411015
734,18.7866199,-0.04723212709
735,18.81221475,0.0660061363502
736,18.8378096,-0.0864069600379
737,18.86340445,0.107125979024
738,18.8889993,-0.126723756274
739,18.91459415,0.143774219247
740,18.940189,-0.156991416652
741,18.96578385,0.165320259948
742,18.9913787,-0.167979875186
743,19.01697355,0.164469948516
744,19.0425684,-0.15456402878
745,19.06816325,0.138311003654
746,19.0937581,-0.116055373827
747,19.11935295,0.0884729912579
748,19.1449478,-0.0565994706959
749,19.17054265,0.0218194580066
750,19.1961375,0.0142035717763
751,19.22173235,-0.0496638804235
752,19.2473272,0.0828053033085
753,19.27292205,-0.112130785365
754,19.2985169,0.136587282075
755,19.32411175,-0.155679168339
756,19.3497066,0.169466235693
757,19.37530145,-0.178447055899
758,19.4008963,0.183366421533
759,19.42649115,-0.185008897522
760,19.452086,0.184044343512
761,19.47768085,-0.180955682539
762,19.5032757,0.176040098054
763,19.52887055,-0.16946021356
764,19.5544654,0.16130829723
765,19.58006025,-0.151663724298
766,19.6056551,0.140636252404
767,19.63124995,-0.128388562893
768,19.6568448,0.115144878359
769,19.68243965,-0.101193145987
770,19.7080345,0.0868799535638
771,19.73362935,-0.0726027082309
772,19.7592242,0.0587870585387
773,19.78481905,-0.0458437992784
774,19.8104139,0.0341162999818
775,19.83600875,-0.0238322788135
776,19.8616036,0.0150764058338
777,19.88719845,-0.00779087895903
778,19.9127933,0.00179198999382
779,19.93838815,0.00320674670547
780,19.963983,-0.00756689025501
781,19.98957785,0.0116944703184
782,20.0151727,-0.0160025853317
783,20.04076755,0.0208640416262
784,20.0663624,-0.0265636530168
785,20.09195725,0.0332592929357
786,20.1175521,-0.0409595680565
787,20.14314695,0.0495336518315
788,20.1687418,-0.0587533937299
789,20.19433665,0.0683606321229
790,20.2199315,-0.0781419939131
791,20.24552635,0.0879717748878
792,20.2711212,-0.0977984814837
793,20.29671605,0.107579607601
794,20.3223109,-0.117188596208
795,20.34790575,0.126342289077
796,20.3735006,-0.134586778676
797,20.39909545,0.141351840198
798,20.4246903,-0.14606817085
799,20.45028515,0.148308804683
800,20.47588,-0.147906672201
801,20.50147485,0.145017952311
802,20.5270697,-0.140106259195
803,20.55266455,0.133850434348
804,20.5782594,-0.127002009968
805,20.60385425,0.120219504056
806,20.6294491,-0.113923979906
807,20.65504395,0.108215359793
808,20.6806388,-0.102868071322
809,20.70623365,0.0974098744715
810,20.7318285,-0.0912605387441
811,20.75742335,0.0838874314152
812,20.7830182,-0.0749348339344
813,20.80861305,0.0642919949381
814,20.8342079,-0.0520852837944
815,20.85980275,0.0386101294255
816,20.8853976,-0.0242359024105
817,20.91099245,0.00931690936838
818,20.9365873,0.00586078735534
819,20.96218215,-0.0210846031751
820,20.987777,0.0361818065271
821,21.01337185,-0.0509636162365
822,21.0389667,0.0651748039061
823,21.06456155,-0.0784727290221
824,21.0901564,0.0904459403791
825,21.11575125,-0.100676411059
826,21.1413461,0.108835582392
827,21.16694095,-0.114792096801
828,21.1925358,0.118703171744
829,21.21813065,-0.121052950865
830,21.2437255,0.122613846488
831,21.26932035,-0.124330862584
832,21.2949152,0.127147078546
833,21.32051005,-0.131814606683
834,21.3461049,0.138742164492
835,21.37169975,-0.147911272357
836,21.3972946,0.158881771068
837,21.42288945,-0.17087911981
838,21.4484843,0.182931634763
839,21.47407915,-0.194026822066
840,21.499674,0.203249246071
841,21.52526885,-0.209874854309
842,21.5508637,0.213425515767
843,21.57645855,-0.213687815357
844,21.6020534,0.210704261799
845,21.62764825,-0.204749914005
846,21.6532431,0.196294220235
847,21.67883795,-0.185952989578
848,21.7044328,0.174438433997
849,21.73002765,-0.162507341807
850,21.7556225,0.1509165414
851,21.78121735,-0.140395663417
852,21.8068122,0.131635299788
853,21.83240705,-0.125287416181
854,21.8580019,0.121960918304
855,21.88359675,-0.122186853247
856,21.9091916,0.126347230775
857,21.93478645,-0.134578625652
858,21.9603813,0.146683045283
859,21.98597615,-0.162088602513
860,22.011571,0.179881094492
861,22.03716585,-0.198907418322
862,22.0627607,0.217932665544
863,22.08835555,-0.235809005901
864,22.1139504,0.251620501004
865,22.13954525,-0.26477439177
866,22.1651401,0.275022162752
867,22.19073495,-0.282418718614
868,22.2163298,0.287236453612
869,22.24192465,-0.28985327544
870,22.2675195,0.290649178504
871,22.29311435,-0.28992970658
872,22.3187092,0.287884532356
873,22.34430405,-0.284589364782
874,22.3698989,0.280038266929
875,22.39549375,-0.274193791566
876,22.4210886,0.26704772902
877,22.44668345,-0.258667154973
878,22.4722783,0.249219988799
879,22.49787315,-0.238979973985
880,22.523468,0.228302543587
881,22.54906285,-0.217588927072
882,22.5746577,0.207245025405
883,22.60025255,-0.197639202817
884,22.6258474,0.189075159
885,22.65144225,-0.181771453243
886,22.6770371,0.175846961429
887,22.70263195,-0.171322907072
888,22.7282268,0.168132196436
889,22.75382165,-0.166144055162
890,22.7794165,0.165198873419
891,22.80501135,-0.16513906484
892,22.8306062,0.165840861293
893,22.85620105,-0.167239016177
894,22.8817959,0.169341207851
895,22.90739075,-0.172242825331
896,22.9329856,0.176129781398
897,22.95858045,-0.181268857564
898,22.9841753,0.187984335137
899,23.00977015,-0.196611868138
900,23.035365,0.207444817505
901,23.06095985,-0.220678557324
902,23.0865547,0.23635907855
903,23.11214955,-0.254359337571
904,23.1377444,0.27438221695
905,23.16333925,-0.295989796953
906,23.1889341,0.318656159888
907,23.21452895,-0.341820137593
908,23.2401238,0.364931772392
909,23.26571865,-0.38748702008
910,23.2913135,0.409041822338
911,23.31690835,-0.429218442416
912,23.3425032,0.447704859624
913,23.36809805,-0.464246658921
914,23.3936929,0.478639659554
915,23.41928775,-0.49071760067
916,23.4448826,0.500341845314
917,23.47047745,-0.507400817754
918,23.4960723,0.511812740571
919,23.52166715,-0.513532293364
920,23.547262,0.512556354245
921,23.57285685,-0.508923134515
922,23.5984517,0.502710776211
923,23.62404655,-0.49403279839
924,23.6496414,0.483030325341
925,23.67523625,-0.469867917795
926,23.7008311,0.454731732601
927,23.72642595,-0.437833340004
928,23.7520208,0.419423290015
929,23.77761565,-0.39980779846
930,23.8032105,0.379364613281
931,23.82880535,-0.35855044989
932,23.8544002,0.337888920369
933,23.87999505,-0.317937083429
934,23.9055899,0.299230556404
935,23.93118475,-0.282216728119
936,23.9567796,0.267201314081
937,23.98237445,-0.254325317537
938,24.0079693,0.243577004042
939,24.03356415,-0.234828521177
940,24.059159,0.22786958869
941,24.08475385,-0.222421652251
942,24.1103487,0.218133929423
943,24.13594355,-0.214571754733
944,24.1615384,0.211217950405
945,24.18713325,-0.207499151908
946,24.2127281,0.202833016336
947,24.23832295,-0.196693141269
948,24.2639178,0.188673474639
949,24.28951265,-0.178535552826
950,24.3151075,0.166233878688
951,24.34070235,-0.151914493296
952,24.3662972,0.135892837635
953,24.39189205,-0.118624739071
954,24.4174869,0.100669357948
955,24.44308175,-0.0826441884195
956,24.4686766,0.0651674392221
957,24.49427145,-0.048783940379
958,24.5198663,0.033893892831
959,24.54546115,-0.0207105007689
960,24.571056,0.00926794616796
961,24.59665085,0.000516717809304
962,24.6222457,-0.0087573988536
963,24.64784055,0.0155258619503
964,24.6734354,-0.0208114311298
965,24.69903025,0.0245129932102
966,24.7246251,-0.0264437338547
967,24.75021995,0.0263346465536
968,24.7758148,-0.0238421291553
969,24.80140965,0.0185689958285
970,24.8270045,-0.0101109210993
971,24.85259935,-0.00186677871531
972,24.8781942,0.0175373428766
973,24.90378905,-0.0368244287147
974,24.9293839,0.0593441887034
975,24.95497875,-0.0844012266449
976,24.9805736,0.111043225045
977,25.00616845,-0.138171266692
978,25.0317633,0.164685546376
979,25.05735815,-0.18962483703
980,25.082953,0.212266877878
981,25.10854785,-0.232158030032
982,25.1341427,0.249069583011
983,25.15973755,-0.262915343682
984,25.1853324,0.273667980378
985,25.21092725,-0.281311593604
986,25.2365221,0.285849059703
987,25.26211695,-0.287344918739
988,25.2877118,0.285979024171
989,25.31330665,-0.28207891524
990,25.3389015,0.276108474328
991,25.36449635,-0.268619973312
992,25.3900912,0.260187491194
993,25.41568605,-0.251346188287
994,25.4412809,0.24255863652
995,25.46687575,-0.234209083859
996,25.4924706,0.226609627447
997,25.51806545,-0.219997693197
998,25.5436603,0.214505002981
999,25.56925515,-0.210101159996
1000,25.59485,0.20653870105
1001,25.62044485,-0.203334158641
1002,25.6460397,0.199811227656
1003,25.67163455,-0.195212337718
1004,25.6972294,0.188849772009
1005,25.72282425,-0.180260440563
1006,25.7484191,0.169326329863
1007,25.77401395,-0.156324564508
1008,25.7996088,0.141899325384
1009,25.82520365,-0.126961355171
1010,25.8507985,0.112528484748
1011,25.87639335,-0.0995478630901
1012,25.9019882,0.0887329690087
1013,25.92758305,-0.0804450483781
1014,25.9531779,0.0746523303086
1015,25.97877275,-0.0709676489004
1016,26.0043676,0.0687456470945
1017,26.02996245,-0.0672163176723
1018,26.0555573,0.065613933032
1019,26.08115215,-0.063279965698
1020,26.106747,0.0597358938156
1021,26.13234185,-0.054712198128
1022,26.1579367,0.048138886196
1023,26.18353155,-0.0401112911926
1024,26.2091264,0.0308388393831
1025,26.23472125,-0.0206013498485
1026,26.2603161,0.00972462520692
1027,26.28591095,0.00143078207103
1028,26.3115058,-0.0124695904273
1029,26.33710065,0.0229723879536
1030,26.3626955,-0.0325283710342
1031,26.38829035,0.0407822631641
1032,26.4138852,-0.0474849766018
1033,26.43948005,0.0525218536843
1034,26.4650749,-0.0559043121935
1035,26.49066975,0.057741065119
1036,26.5162646,-0.0581989523461
1037,26.54185945,0.0574756879757
1038,26.5674543,-0.0557899336575
1039,26.59304915,0.0533682963354
1040,26.618644,-0.0504236882725
1041,26.64423885,0.0471229256225
1042,26.6698337,-0.0435450397293
1043,26.69542855,0.0396584078565
1044,26.7210234,-0.0353264289459
1045,26.74661825,0.0303448480146
1046,26.7722131,-0.0245165425001
1047,26.79780795,0.0177385897942
1048,26.8234028,-0.0100806725304
1049,26.84899765,0.00183625892623
1050,26.8745925,0.00648800921542
1051,26.90018735,-0.0142444437097
1052,26.9257822,0.0207632082471
1053,26.95137705,-0.0254950831039
1054,26.9769719,0.0281259779185
1055,27.00256675,-0.0286364141954
1056,27.0281616,0.0272948827136
1057,27.05375645,-0.024587657731
1058,27.0793513,0.0211221600361
1059,27.10494615,-0.0175313269681
1060,27.130541,0.0143963716582
1061,27.15613585,-0.0122046886369
1062,27.1817307,0.0113321353654
1063,27.20732555,-0.0120462880965
1064,27.2329204,0.0145232145745
1065,27.25851525,-0.0188576090561
1066,27.2841101,0.025069419187
1067,27.30970495,-0.0331054563392
1068,27.3352998,0.0428398863636
1069,27.36089465,-0.0540881595364
1070,27.3864895,0.066629262882
1071,27.41208435,-0.0802299622575
1072,27.4376792,0.0946680177749
1073,27.46327405,-0.109740773726
1074,27.4888689,0.125264878994
1075,27.51446375,-0.141073027306
1076,27.5400586,0.157014734628
1077,27.56565345,-0.172964675415
1078,27.5912483,0.188832363291
1079,27.61684315,-0.204564718703
1080,27.642438,0.220131877195
1081,27.66803285,-0.235495789294
1082,27.6936277,0.25057298428
1083,27.71922255,-0.265201175894
1084,27.7448174,0.27913079562
1085,27.77041225,-0.292044067645
1086,27.7960071,0.303583299347
1087,27.82160195,-0.313381020184
1088,27.8471968,0.321075600623
1089,27.87279165,-0.326310853037
1090,27.8983865,0.328736325478
1091,27.92398135,-0.328005368145
1092,27.9495762,0.323776867017
1093,27.97517105,-0.31573360131
1094,28.0007659,0.303607682958
1095,28.02636075,-0.287219661546
1096,28.0519556,0.266529372548
1097,28.07755045,-0.241680624239
1098,28.1031453,0.213037217989
1099,28.12874015,-0.181194578811
1100,28.154335,0.146953524654
1101,28.17992985,-0.111271187772
1102,28.2055247,0.0751957407821
1103,28.23111955,-0.0398015432095
1104,28.2567144,0.00614821962218
1105,28.28230925,0.0247438591724
1106,28.3079041,-0.0519064089443
1107,28.33349895,0.074438316379
1108,28.3590938,-0.0915505378836
1109,28.38468865,0.10263824093
1110,28.4102835,-0.107371015578
1111,28.43587835,0.105788052048
1112,28.4614732,-0.0983571569135
1113,28.48706805,0.0859737866474
1114,28.5126629,-0.0698856106666
1115,28.53825775,0.0515386938083
1116,28.5638526,-0.0323859574003
1117,28.58944745,0.0137088665524
1118,28.6150423,0.00350999980445
1119,28.64063715,-0.0186348993208
1120,28.666232,0.0313548487395
1121,28.69182685,-0.0416178129709
1122,28.7174217,0.0495431478839
1123,28.74301655,-0.0553406990707
1124,28.7686114,0.0592562398871
1125,28.79420625,-0.0615511501461
1126,28.8198011,0.0625168338999
1127,28.84539595,-0.0625076422754
1128,28.8709908,0.0619704367541
1129,28.89658565,-0.0614504405767
1130,28.9221805,0.0615603006182
1131,28.94777535,-0.0629172254843
1132,28.9733702,0.0660595267821
1133,28.99896505,-0.0713660666013
1134,29.0245599,0.0789946926834
1135,29.05015475,-0.0888443426519
1136,29.0757496,0.100546412821
1137,29.10134445,-0.113482784478
1138,29.1269393,0.126830100676
1139,29.15253415,-0.139637211208
1140,29.178129,0.150927437953
1141,29.20372385,-0.159820422027
1142,29.2293187,0.165661223778
1143,29.25491355,-0.168130996936
1144,29.2805084,0.167319127056
1145,29.30610325,-0.16373047773
1146,29.3316981,0.158209628946
1147,29.35729295,-0.151795578413
1148,29.3828878,0.145536605181
1149,29.40848265,-0.140309895736
1150,29.4340775,0.136697307503
1151,29.45967235,-0.13494087092
1152,29.4852672,0.134980140278
1153,29.51086205,-0.136552942147
1154,29.5364569,0.139319103495
1155,29.56205175,-0.142972743153
1156,29.5876466,0.147322075078
1157,29.61324145,-0.152321467982
1158,29.6388363,0.158055796164
1159,29.66443115,-0.164685399263
1160,29.690026,0.172363398701
1161,29.71562085,-0.181150310894
1162,29.7412157,0.190950798237
1163,29.76681055,-0.201493071721
1164,29.7924054,0.212359732818
1165,29.81800025,-0.223054933365
1166,29.8435951,0.23308173602
1167,29.86918995,-0.242007840474
1168,29.8947848,0.249507269838
1169,29.92037965,-0.255388021627
1170,29.9459745,0.259616695114
1171,29.97156935,-0.262342589657
1172,29.9971642,0.263921879049
1173,30.02275905,-0.264927221841
1174,30.0483539,0.266127025218
1175,30.07394875,-0.268428841894
1176,30.0995436,0.272785752324
1177,30.12513845,-0.280074507937
1178,30.1507333,0.290965795425
1179,30.17632815,-0.305809220113
1180,30.201923,0.324555742984
1181,30.22751785,-0.346734450279
1182,30.2531127,0.371481524699
1183,30.27870755,-0.39760748872
1184,30.3043024,0.42369893408
1185,30.32989725,-0.448247269395
1186,30.3554921,0.46979608934
1187,30.38108695,-0.487102960065
1188,30.4066818,0.499288262277
1189,30.43227665,-0.50594252255
1190,30.4578715,0.507179270637
1191,30.48346635,-0.503615036301
1192,30.5090612,0.496279045238
1193,30.53465605,-0.486473636958
1194,30.5602509,0.475601699466
1195,30.58584575,-0.464995324019
1196,30.6114406,0.455770999108
1197,30.63703545,-0.448719035653
1198,30.6626303,0.444244985844
1199,30.68822515,-0.442367964087
1200,30.71382,0.44276462037
1201,30.73941485,-0.444854172011
1202,30.7650097,0.447903128736
1203,30.79060455,-0.45112584112
1204,30.8161994,0.453776171092
1205,30.84179425,-0.455216210423
1206,30.8673891,0.454959204498
1207,30.89298395,-0.452699651545
1208,30.9185788,0.448325077832
1209,30.94417365,-0.441909919573
1210,30.9697685,0.433698555648
1211,30.99536335,-0.424068320935
1212,31.0209582,0.413474319786
1213,31.04655305,-0.402383428566
1214,31.0721479,0.391195603222
1215,31.09774275,-0.3801730063
1216,31.1233376,0.369396546345
1217,31.14893245,-0.358756513463
1218,31.1745273,0.347987112455
1219,31.20012215,-0.336733238596
1220,31.225717,0.32462431146
1221,31.25131185,-0.311343456044
1222,31.2769067,0.296678684802
1223,31.30250155,-0.280559334316
1224,31.3280964,0.263089524967
1225,31.35369125,-0.2445721009
1226,31.3792861,0.225514445355
1227,31.40488095,-0.20660362631
1228,31.4304758,0.188637619669
1229,31.45607065,-0.172430996577
1230,31.4816655,0.158720769951
1231,31.50726035,-0.148090022707
1232,31.5328552,0.140925192844
1233,31.55845005,-0.137398223123
1234,31.5840449,0.137463276786
1235,31.60963975,-0.140872776102
1236,31.6352346,0.147206886385
1237,31.66082945,-0.155911100604
1238,31.6864243,0.16634023407
1239,31.71201915,-0.177795549331
1240,31.737614,0.189557904064
1241,31.76320885,-0.20092569611
1242,31.7888037,0.211255151462
1243,31.81439855,-0.220000144043
1244,31.8399934,0.226745080612
1245,31.86558825,-0.231223581609
1246,31.8911831,0.233327209667
1247,31.91677795,-0.233103466211
1248,31.9423728,0.230739059607
1249,31.96796765,-0.226521705571
1250,31.9935625,0.220778451803
1251,32.01915735,-0.213802706648
1252,32.0447522,0.20579641446
1253,32.07034705,-0.196854611004
1254,32.0959419,0.187005289975
1255,32.12153675,-0.176288070206
1256,32.1471316,0.164837966691
1257,32.17272645,-0.152938556145
1258,32.1983213,0.141024856235
1259,32.22391615,-0.12963660478
1260,32.249511,0.119334609614
1261,32.27510585,-0.11059610976
1262,32.3007007,0.103707555954
1263,32.32629555,-0.0986766554422
1264,32.3518904,0.0951907037843
1265,32.37748525,-0.0926415971093
1266,32.4030801,0.0902217734321
1267,32.42867495,-0.0870781479668
1268,32.4542698,0.0824900957134
1269,32.47986465,-0.0760321070873
1270,32.5054595,0.0676810422107
1271,32.53105435,-0.0578392754008
1272,32.5566492,0.0472715682433
1273,32.58224405,-0.036975579868
1274,32.6078389,0.028013743516
1275,32.63343375,-0.0213434529936
1276,32.6590286,0.0176718821928
1277,32.68462345,-0.017355886194
1278,32.7102183,0.0203629265608
1279,32.73581315,-0.0262953368037
1280,32.761408,0.0344644907351
1281,32.78700285,-0.0439972110967
1282,32.8125977,0.0539518333341
1283,32.83819255,-0.0634225627705
1284,32.8637874,0.071620861612
1285,32.88938225,-0.0779371648039
1286,32.9149771,0.0819888563963
1287,32.94057195,-0.0836608005413
1288,32.9661668,0.0831286030953
1289,32.99176165,-0.0808418538501
1290,33.0173565,0.0774570611795
1291,33.04295135,-0.0737268145491
1292,33.0685462,0.0703678238071
1293,33.09414105,-0.0679474353953
1294,33.1197359,0.0668138114765
1295,33.14533075,-0.0670791396766
1296,33.1709256,0.0686480586827
1297,33.19652045,-0.0712681756001
1298,33.2221153,0.074586096155
1299,33.24771015,-0.0782039806378
1300,33.273305,0.081733936602
1301,33.29889985,-0.084857228014
1302,33.3244947,0.0873859027954
1303,33.35008955,-0.0893109243574
1304,33.3756844,0.0908216442619
1305,33.40127925,-0.0922785321363
1306,33.4268741,0.0941345834659
1307,33.45246895,-0.0968256962245
1308,33.4780638,0.100655813073
1309,33.50365865,-0.105711515165
1310,33.5292535,0.11183364166
1311,33.55484835,-0.118644824498
1312,33.5804432,0.125624702997
1313,33.60603805,-0.132213890916
1314,33.6316329,0.137914817989
1315,33.65722775,-0.142371606213
1316,33.6828226,0.14541500708
1317,33.70841745,-0.147063212242
1318,33.7340123,0.147491531104
1319,33.75960715,-0.14697682284
1320,33.785202,0.145823632163
1321,33.81079685,-0.144289007404
1322,33.8363917,0.142515271741
1323,33.86198655,-0.140485808925
1324,33.8875814,0.138023355815
1325,33.91317625,-0.134830555007
1326,33.9387711,0.130566540398
1327,33.96436595,-0.124933119827
1328,33.9899608,0.117736816679
1329,34.01555565,-0.108913714051
1330,34.0411505,0.0985175595521
1331,34.06674535,-0.086686617544
1332,34.0923402,0.0736153361961
1333,34.11793505,-0.0595412589793
1334,34.1435299,0.0447500617086
1335,34.16912475,-0.0295928469645
1336,34.1947196,0.0145016552771
1337,34.22031445,-2.45857874968e-07
1338,34.2459093,-0.0133006166378
1339,34.27150415,0.0247321044927
1340,34.297099,-0.0336138734516
1341,34.32269385,0.0393125646233
1342,34.3482887,-0.0412990935518
1343,34.37388355,0.0391949042695
1344,34.3994784,-0.0328097318455
1345,34.42507325,0.0221660932945
1346,34.4506681,-0.0075094151733
1347,34.47626295,-0.010697432965
1348,34.5018578,0.031803902627
1349,34.52745265,-0.0550264496305
1350,34.5530475,0.0795220611047
1351,34.57864235,-0.104469473957
1352,34.6042372,0.129140780751
1353,34.62983205,-0.152949308996
1354,34.6554269,0.175469233317
1355,34.68102175,-0.196424651068
1356,34.7066166,0.215653512549
1357,34.73221145,-0.233060340601
1358,34.7578063,0.248568569394
1359,34.78340115,-0.26208385715
1360,34.808996,0.273479288828
1361,34.83459085,-0.282597497557
1362,34.8601857,0.289267836653
1363,34.88578055,-0.293335413362
1364,34.9113754,0.294696634449
1365,34.93697025,-0.293340277735
1366,34.9625651,0.289380795073
1367,34.98815995,-0.283065991766
1368,35.0137548,0.274746185622
1369,35.03934965,-0.264796338029
1370,35.0649445,0.253509492157
1371,35.09053935,-0.241003006854
1372,35.1161342,0.227175828612
1373,35.14172905,-0.211741460195
1374,35.1673239,0.194327626341
1375,35.19291875,-0.174602139293
1376,35.2185136,0.152382426923
1377,35.24410845,-0.127693693741
1378,35.2697033,0.100763044084
1379,35.29529815,-0.0719691876113
1380,35.320893,0.0417758764726
1381,35.34648785,-0.0106704944007
1382,35.3720827,-0.0208785324958
1383,35.39767755,0.0524513459034
1384,35.4232724,-0.0836993378306
1385,35.44886725,0.114352395454
1386,35.4744621,-0.1442110698
1387,35.50005695,0.17312813156
1388,35.5256518,-0.200987016796
1389,35.55124665,0.227695954606
1390,35.5768415,-0.253196453999
1391,35.60243635,0.277474112017
1392,35.6280312,-0.300560929778
1393,35.65362605,0.322512171068
1394,35.6792209,-0.343360007991
1395,35.70481575,0.363064574562
1396,35.7304106,-0.381473348286
1397,35.75600545,0.398305402024
1398,35.7816003,-0.413163522655
1399,35.80719515,0.425564907357
1400,35.83279,-0.434994744563
1401,35.85838485,0.44097435113
1402,35.8839797,-0.443128230185
1403,35.90957455,0.441244041587
1404,35.9351694,-0.435310993146
1405,35.96076425,0.425533991638
1406,35.9863591,-0.412331565108
1407,36.01195395,0.396313496677
1408,36.0375488,-0.378244704651
1409,36.06314365,0.358997818277
1410,36.0887385,-0.339489199732
1411,36.11433335,0.320604815649
1412,36.1399282,-0.30311954693
1413,36.16552305,0.287619117512
1414,36.1911179,-0.274453080816
1415,36.21671275,0.263739515448
1416,36.2423076,-0.255431811995
1417,36.26790245,0.249437750132
1418,36.2934973,-0.245748470348
1419,36.31909215,0.244530313772
1420,36.344687,-0.246144377661
1421,36.37028185,0.251075747062
1422,36.3958767,-0.2597893906
1423,36.42147155,0.272552226206
1424,36.4470664,-0.289265317686
1425,36.47266125,0.309358884349
1426,36.4982561,-0.331781265202
1427,36.52385095,0.355078066471
1428,36.5494458,-0.377539827747
1429,36.57504065,0.397379458328
1430,36.6006355,-0.412901728718
1431,36.62623035,0.422652290314
1432,36.6518252,-0.425531636413
1433,36.67742005,0.420867854302
1434,36.7030149,-0.408449397207
1435,36.72860975,0.388513875008
1436,36.7542046,-0.361703031738
1437,36.77979945,0.328992357392
1438,36.8053943,-0.291593041543
1439,36.83098915,0.25083870406
1440,36.856584,-0.208063561994
1441,36.88217885,0.164487503126
1442,36.9077737,-0.121131106875
1443,36.93336855,0.0787622355621
1444,36.9589634,-0.0378749985608
1445,36.98455825,-0.00130334191099
1446,37.0101531,0.0387976372818
1447,37.03574795,-0.0748586787687
1448,37.0613428,0.109921237255
1449,37.08693765,-0.144544104413
1450,37.1125325,0.179317973908
1451,37.13812735,-0.214751852712
1452,37.1637222,0.251164445929
1453,37.18931705,-0.288600540948
1454,37.2149119,0.326804147315
1455,37.24050675,-0.365256057858
1456,37.2661016,0.403259038682
1457,37.29169645,-0.440047912643
1458,37.3172913,0.474884340205
1459,37.34288615,-0.507106118921
1460,37.368481,0.53613033487
1461,37.39407585,-0.561420262678
1462,37.4196707,0.58244683478
1463,37.44526555,-0.598673902186
1464,37.4708604,0.609577306497
1465,37.49645525,-0.614697560701
1466,37.5220501,0.61370932898
1467,37.54764495,-0.606489411368
1468,37.5732398,0.593174774465
1469,37.59883465,-0.574198369329
1470,37.6244295,0.550295877346
1471,37.65002435,-0.522479674391
1472,37.6756192,0.491976335511
1473,37.70121405,-0.460138775978
1474,37.7268089,0.428342999673
1475,37.75240375,-0.397878928983
1476,37.7779986,0.369849552269
1477,37.80359345,-0.345080169467
1478,37.8291883,0.324044094915
1479,37.85478315,-0.306821623343
1480,37.880378,0.29310235761
1481,37.90597285,-0.282245139947
1482,37.9315677,0.273396818539
1483,37.95716255,-0.26564885302
1484,37.9827574,0.258203375114
1485,38.00835225,-0.250503058607
1486,38.0339471,0.242287526557
1487,38.05954195,-0.233568203384
1488,38.0851368,0.224533840762
1489,38.11073165,-0.21542236321
1490,38.1363265,0.206398445386
1491,38.16192135,-0.197463619401
1492,38.1875162,0.188424397181
1493,38.21311105,-0.178925022085
1494,38.2387059,0.168532757033
1495,38.26430075,-0.156851965027
1496,38.2898956,0.143623632459
1497,38.31549045,-0.128779540692
1498,38.3410853,0.112441645354
1499,38.36668015,-0.0948745152061
1500,38.392275,0.0764274722554
1501,38.41786985,-0.0574977560436
1502,38.4434647,0.0385208179784
1503,38.46905955,-0.0199784683045
1504,38.4946544,0.00239634517754
1505,38.52024925,0.0136883876519
1506,38.5458441,-0.0277813428901
1507,38.57143895,0.039489634687
1508,38.5970338,-0.048556087075
1509,38.62262865,0.0548559298372
1510,38.6482235,-0.0583735392291
1511,38.67381835,0.059180125939
1512,38.6994132,-0.0574293332381
1513,38.72500805,0.0533690073859
1514,38.7506029,-0.0473473708907
1515,38.77619775,0.0398023667411
1516,38.8017926,-0.0312306495091
1517,38.82738745,0.0221467213608
1518,38.8529823,-0.0130512853725
1519,38.87857715,0.00441559358286
1520,38.904172,0.00331761888387
1521,38.92976685,-0.00972467438407
1522,38.9553617,0.0143975830999
1523,38.98095655,-0.016954963975
1524,39.0065514,0.0170668141769
1525,39.03214625,-0.0144872801764
1526,39.0577411,0.00908926059984
1527,39.08333595,-0.000896635340786
1528,39.1089308,-0.00989088491071
1529,39.13452565,0.0228801071276
1530,39.1601205,-0.0374810871216
1531,39.18571535,0.0529243932253
1532,39.2113102,-0.0683066117028
1533,39.23690505,0.0826719497476
1534,39.2624999,-0.0951237834701
1535,39.28809475,0.104944871011
1536,39.3136896,-0.111692570929
1537,39.33928445,0.11523680264
1538,39.3648793,-0.115733942775
1539,39.39047415,0.113552206562
1540,39.416069,-0.109184220162
1541,39.44166385,0.103175174495
1542,39.4672587,-0.0960782797379
1543,39.49285355,0.0884411786343
1544,39.5184484,-0.0808055021964
1545,39.54404325,0.0736965261629
1546,39.5696381,-0.0675940995067
1547,39.59523295,0.0628729471011
1548,39.6208278,-0.059726613541
1549,39.64642265,0.0581053169213
1550,39.6720175,-0.0576910758144
1551,39.69761235,0.0579372528023
1552,39.7232072,-0.0581757787496
1553,39.74880205,0.0577622664127
1554,39.7743969,-0.0562249999194
1555,39.79999175,0.0533693874356
1556,39.8255866,-0.0493056280609
1557,39.85118145,0.0444001467025
1558,39.8767763,-0.0391656853572
1559,39.90237115,0.0341300514046
1560,39.927966,-0.0297211535933
1561,39.95356085,0.0261912028149
1562,39.9791557,-0.0236041304998
1563,40.00475055,0.0218844807378
1564,40.0303454,-0.0209080584462
1565,40.05594025,0.0206031784987
1566,40.0815351,-0.0210136905589
1567,40.10712995,0.0222993830817
1568,40.1327248,-0.0246778416973
1569,40.15831965,0.0283254642963
1570,40.1839145,-0.0332819789744
1571,40.20950935,0.039391736808
1572,40.2351042,-0.0462964031104
1573,40.26069905,0.0534822127869
1574,40.2862939,-0.060359216323
1575,40.31188875,0.0663452024189
1576,40.3374836,-0.0709380639208
1577,40.36307845,0.0737570816415
1578,40.3886733,-0.0745519387587
1579,40.41426815,0.0731903438458
1580,40.439863,-0.0696302421547
1581,40.46545785,0.0638877859218
1582,40.4910527,-0.0560006459464
1583,40.51664755,0.0459865950341
1584,40.5422424,-0.033816076778
1585,40.56783725,0.019407595203
1586,40.5934321,-0.00265255436369
1587,40.61902695,-0.0165304341337
1588,40.6446218,0.0381371584602
1589,40.67021665,-0.0620296319549
1590,40.6958115,0.0879050293014
1591,40.72140635,-0.115290983965
1592,40.7470012,0.14355675844
1593,40.77259605,-0.171935671167
1594,40.7981909,0.199562922096
1595,40.82378575,-0.225520075021
1596,40.8493806,0.248883988497
1597,40.87497545,-0.268782432087
1598,40.9005703,0.284454381364
1599,40.92616515,-0.295315418893
1600,40.95176,0.301028237518
1601,40.97735485,-0.30156094139
1602,41.0029497,0.297215118464
1603,41.02854455,-0.288613838484
1604,41.0541394,0.276633835072
1605,41.07973425,-0.262289093425
1606,41.1053291,0.246589291337
1607,41.13092395,-0.230397173036
1608,41.1565188,0.214324960862
1609,41.18211365,-0.198698419854
1610,41.2077085,0.183587473284
1611,41.23330335,-0.168891968531
1612,41.2588982,0.154444766915
1613,41.28449305,-0.140095960043
1614,41.3100879,0.125764130586
1615,41.33568275,-0.111451830612
1616,41.3612776,0.0972366976111
1617,41.38687245,-0.0832558051848
1618,41.4124673,0.0696876468596
1619,41.43806215,-0.0567368111258
1620,41.463657,0.04462390975
1621,41.48925185,-0.0335759617558
1622,41.5148467,0.0238184899886
1623,41.54044155,-0.0155635947172
1624,41.5660364,0.00898737804441
1625,41.59163125,-0.00420158987944
1626,41.6172261,0.00122772872216
1627,41.64282095,2.27219156032e-05
1628,41.6684158,0.000247884785262
1629,41.69401065,-0.00173013595737
1630,41.7196055,0.00402250151905
1631,41.74520035,-0.00665968970502
1632,41.7707952,0.00915755064694
1633,41.79639005,-0.0110745070789
1634,41.8219849,0.0120839415488
1635,41.84757975,-0.0120343765728
1636,41.8731746,0.010981569925
1637,41.89876945,-0.00918302627143
1638,41.9243643,0.00704976407941
1639,41.94995915,-0.00506584098379
1640,41.975554,0.00368764789385
1641,42.00114885,-0.00324205180346
1642,42.0267437,0.00384996832289
1643,42.05233855,-0.00538969382099
1644,42.0779334,0.00751097366243
1645,42.10352825,-0.00970276060367
1646,42.1291231,0.0113937211636
1647,42.15471795,-0.0120661855258
1648,42.1803128,0.0113492214271
1649,42.20590765,-0.00906091291894
1650,42.2315025,0.00519810664983
1651,42.25709735,0.00011499702551
1652,42.2826922,-0.00668948674438
1653,42.30828705,0.014310469118
1654,42.3338819,-0.0227429210222
1655,42.35947675,0.0317140977201
1656,42.3850716,-0.0408958682766
1657,42.41066645,0.0499153757615
1658,42.4362613,-0.0583970598598
1659,42.46185615,0.0660202945178
1660,42.487451,-0.0725678725753
1661,42.51304585,0.0779434571834
1662,42.5386407,-0.0821531296563
1663,42.56423555,0.085262999816
1664,42.5898304,-0.0873501680174
1665,42.61542525,0.0884702584727
1666,42.6410201,-0.0886532964645
1667,42.66661495,0.0879274195827
1668,42.6922098,-0.0863557511547
1669,42.71780465,0.0840637855402
1670,42.7433995,-0.0812428842854
1671,42.76899435,0.0781321228472
1672,42.7945892,-0.0749914740932
1673,42.82018405,0.0720815169666
1674,42.8457789,-0.0696566147106
1675,42.87137375,0.0679729842346
1676,42.8969686,-0.0673043314012
1677,42.92256345,0.0679567510377
1678,42.9481583,-0.0702765446691
1679,42.97375315,0.0746401870558
1680,42.999348,-0.0814282250968
1681,43.02494285,0.0909860387365
1682,43.0505377,-0.103574655636
1683,43.07613255,0.119326971455
1684,43.1017274,-0.138212865328
1685,43.12732225,0.160013685959
1686,43.1529171,-0.184314717181
1687,43.17851195,0.210508375007
1688,43.2041068,-0.237813457682
1689,43.22970165,0.265318384841
1690,43.2552965,-0.292041095259
1691,43.28089135,0.317010154852
1692,43.3064862,-0.339355855914
1693,43.33208105,0.358387744429
1694,43.3576759,-0.373651410538
1695,43.38327075,0.384945807838
1696,43.4088656,-0.392300311004
1697,43.43446045,0.395934229882
1698,43.4600553,-0.396210631233
1699,43.48565015,0.39360035827
1700,43.511245,-0.388664503637
1701,43.53683985,0.38203614534
1702,43.5624347,-0.374391917195
1703,43.58802955,0.366409816156
1704,43.6136244,-0.358716544006
1705,43.63921925,0.351843232396
1706,43.6648141,-0.346201234227
1707,43.69040895,0.342075547792
1708,43.7160038,-0.339629406522
1709,43.74159865,0.338912196849
1710,43.7671935,-0.339861914419
1711,43.79278835,0.342305384218
1712,43.8183832,-0.345961970632
1713,43.84397805,0.350449727557
1714,43.8695729,-0.355297694282
1715,43.89516775,0.359966172882
1716,43.9207626,-0.363871682605
1717,43.94635745,0.366423210986
1718,43.9719523,-0.367068709445
1719,43.99754715,0.365349407593
1720,44.023142,-0.360962807779
1721,44.04873685,0.353821215681
1722,44.0743317,-0.34409659782
1723,44.09992655,0.332243472493
1724,44.1255214,-0.318984204209
1725,44.15111625,0.305257616474
1726,44.1767111,-0.292131934763
1727,44.20230595,0.280687904818
1728,44.2279008,-0.271894254537
1729,44.25349565,0.266490206136
1730,44.2790905,-0.264892967457
1731,44.30468535,0.267148703042
1732,44.3302802,-0.272933269168
1733,44.35587505,0.281606840516
1734,44.3814699,-0.292309542726
1735,44.40706475,0.304072568737
1736,44.4326596,-0.315927951288
1737,44.45825445,0.326999784498
1738,44.4838493,-0.336567960313
1739,44.50944415,0.344102412169
1740,44.535039,-0.34926586014
1741,44.56063385,0.3518975908
1742,44.5862287,-0.3519918185
1743,44.61182355,0.349675980513
1744,44.6374184,-0.34519409234
1745,44.66301325,0.338887883318
1746,44.6886081,-0.331163994431
1747,44.71420295,0.322450347559
1748,44.7397978,-0.31314945229
1749,44.76539265,0.303601959276
1750,44.7909875,-0.294077285253
1751,44.81658235,0.284787229361
1752,44.8421772,-0.27590278879
1753,44.86777205,0.267560686995
1754,44.8933669,-0.259843563184
1755,44.91896175,0.252741420385
1756,44.9445566,-0.24612638476
1757,44.97015145,0.239759929614
1758,44.9957463,-0.233346244895
1759,45.02134115,0.226620983856
1760,45.046936,-0.219430724513
1761,45.07253085,0.21177656444
1762,45.0981257,-0.203807764083
1763,45.12372055,0.195774123631
1764,45.1493154,-0.18797796107
1765,45.17491025,0.18074390717
1766,45.2005051,-0.174411613534
1767,45.22609995,0.169342593757
1768,45.2516948,-0.165909078698
1769,45.27728965,0.164456094965
1770,45.3028845,-0.165248224944
1771,45.32847935,0.168412743236
1772,45.3540742,-0.173909942519
1773,45.37966905,0.181540530532
1774,45.4052639,-0.190977137792
1775,45.43085875,0.201813858584
1776,45.4564536,-0.21361146999
1777,45.48204845,0.225922538588
1778,45.5076433,-0.238308999307
1779,45.53323815,0.250348862175
1780,45.558833,-0.261643392304
1781,45.58442785,0.271838398913
1782,45.6100227,-0.280643387661
1783,45.63561755,0.287843089953
1784,45.6612124,-0.293291025834
1785,45.68680725,0.296868326889
1786,45.7124021,-0.298426989915
1787,45.73799695,0.297729814273
1788,45.7635918,-0.294404207371
1789,45.78918665,0.287940767269
1790,45.8147815,-0.277737055939
1791,45.84037635,0.263181691409
1792,45.8659712,-0.24377049669
1793,45.89156605,0.219218064659
1794,45.9171609,-0.189540439781
1795,45.94275575,0.155093634386
1796,45.9683506,-0.116560075709
1797,45.99394545,0.0748998575041
